{
    "admin": "1",
    "c": {
        "password": "1",
        "is_banned": false
    },
    "cx": {
        "password": "1",
        "is_banned": false
    },
    "cxs": {
        "password": "1",
        "is_banned": false
    },
    "cxsv": {
        "password": "1",
        "is_banned": false
    },
    "cc": {
        "password": "1",
        "is_banned": false
    },
    "ccrg": {
        "password": "1",
        "is_banned": false
    },
    "ccrgd": {
        "password": "1",
        "is_banned": false
    },
    "ccdd": {
        "password": "1",
        "is_banned": false
    },
    "ccc": {
        "password": "1",
        "is_banned": false
    },
    "cccc": {
        "password": "1",
        "is_banned": false
    },
    "jfdhu": {
        "password": "1",
        "is_banned": false
    },
    "j": {
        "password": "1",
        "is_banned": false
    },
    "jj": {
        "password": "1",
        "is_banned": false
    },
    "a": {
        "password": "1",
        "is_banned": false
    },
    "d": {
        "password": "1",
        "is_banned": false
    },
    "ddd": {
        "password": "1",
        "is_banned": false
    },
    "dd": {
        "password": "1",
        "is_banned": false
    },
    "atm": {
        "password": "1",
        "is_banned": false
    },
    "ds": {
        "password": "1",
        "is_banned": false
    },
    "ddddd": {
        "password": "1",
        "is_banned": false
    },
    "dsd": {
        "password": "1",
        "is_banned": false
    },
    "fff": {
        "password": "1",
        "is_banned": false
    },
    "ffff": {
        "password": "1",
        "is_banned": false
    },
    "f": {
        "password": "1",
        "is_banned": false
    },
    "fldfjkhnfgo": {
        "password": "1",
        "is_banned": false
    }
}