{
    "BANDO": {
        "sword_1": {
            "price": 5000,
            "currency": "VANG"
        },
        "armor_1": {
            "price": 5000,
            "currency": "VANG"
        },
        "hp_potion_1": {
            "price": 50,
            "currency": "KIM_CUONG"
        },
        "ki_potion_1": {
            "price": 50,
            "currency": "VND"
        },
        "pants_1": {
            "price": 250,
            "currency": "VANG"
        },
        "shoes_1": {
            "price": 250,
            "currency": "VANG"
        }
    },
    "NAMEC": {
        "sword_1": {
            "price": 100,
            "currency": "VANG"
        },
        "armor_1": {
            "price": 250,
            "currency": "VANG"
        },
        "hp_potion_1": {
            "price": 50,
            "currency": "VANG"
        },
        "ki_potion_1": {
            "price": 50,
            "currency": "VANG"
        },
        "pants_1": {
            "price": 250,
            "currency": "VANG"
        },
        "shoes_1": {
            "price": 250,
            "currency": "VANG"
        }
    },
    "XAYDA": {
        "sword_1": {
            "price": 100,
            "currency": "VANG"
        },
        "armor_1": {
            "price": 250,
            "currency": "VANG"
        },
        "hp_potion_1": {
            "price": 50,
            "currency": "VANG"
        },
        "ki_potion_1": {
            "price": 50,
            "currency": "VANG"
        },
        "pants_1": {
            "price": 250,
            "currency": "VANG"
        },
        "shoes_1": {
            "price": 250,
            "currency": "VANG"
        }
    },
    "ANXIN": {
        "gang_hoang_de": {
            "price": 30000,
            "currency": "VND"
        }
    }
}