{
    "sword_1": {
        "name": "Kiem Go",
        "type": "Vu Khi",
        "desc": "Vu khi tap luyen co ban.",
        "rarity": [
            200,
            200,
            200
        ],
        "item_id": 1,
        "stats": {
            "suc_danh": 5
        }
    },
    "armor_1": {
        "name": "Ao Vai",
        "type": "Giap",
        "desc": "Giap cap thap nhat.",
        "rarity": [
            200,
            200,
            200
        ],
        "item_id": 2,
        "stats": {
            "giap": 3,
            "max_hp": 10
        }
    },
    "hp_potion_1": {
        "name": "Thuoc HP nho",
        "type": "Tieu Hao",
        "desc": "Hoi phuc 100 HP.",
        "rarity": [
            255,
            0,
            0
        ],
        "item_id": 3,
        "stats": {
            "hoi_mau": 100
        }
    },
    "ki_potion_1": {
        "name": "Thuoc KI nho",
        "type": "Tieu Hao",
        "desc": "Hoi phuc 100 KI.",
        "rarity": [
            0,
            120,
            255
        ],
        "item_id": 4,
        "stats": {
            "hoi_ki": 100
        }
    }
}