{
    "c": {
        "d": {
            "ten": "d",
            "phai": "Trai Dat",
            "hp": 385066,
            "max_hp": 220000,
            "ki": 385000,
            "max_ki": 220000,
            "suc_danh": 12000,
            "suc_manh": 555633606571,
            "giap": 0,
            "ne_tranh": 0,
            "nhanh_nhen": 0,
            "chi_mang": 0,
            "inventory": [
                {
                    "key": "ki_potion_1",
                    "count": 1,
                    "stars": 0
                },
                {
                    "key": "hp_potion_1",
                    "count": 1,
                    "stars": 0
                },
                {
                    "key": "hp_potion_1",
                    "count": 1,
                    "stars": 0
                },
                {
                    "key": "hp_potion_1",
                    "count": 1,
                    "stars": 0
                },
                {
                    "key": "hp_potion_1",
                    "count": 1,
                    "stars": 0
                },
                {
                    "key": "hp_potion_1",
                    "count": 1,
                    "stars": 0
                },
                {
                    "key": "ki_potion_1",
                    "count": 1,
                    "stars": 0
                },
                {
                    "key": "ki_potion_1",
                    "count": 1,
                    "stars": 0
                },
                {
                    "key": "ki_potion_1",
                    "count": 1,
                    "stars": 0
                },
                {
                    "key": "shoes_1",
                    "count": 1,
                    "stars": 0
                },
                {
                    "key": "shoes_1",
                    "count": 1,
                    "stars": 0
                },
                {
                    "key": "rada_1",
                    "count": 1,
                    "stars": 0
                },
                {
                    "key": "rada_1",
                    "count": 1,
                    "stars": 0
                },
                {
                    "key": "gang_hoang_de",
                    "count": 1,
                    "stars": 5,
                    "stats": {
                        "suc_danh_percent": 75,
                        "max_hp_percent": 60,
                        "max_ki_percent": 60
                    }
                },
                {
                    "key": "gang_hoang_de",
                    "options": {
                        "suc_danh": 3000
                    },
                    "stars": 0
                },
                {
                    "key": "gang_hoang_de",
                    "options": {
                        "suc_danh": 8000
                    },
                    "stars": 4
                },
                {
                    "key": "shoes_1",
                    "count": 1,
                    "stars": 0
                },
                {
                    "key": "sword_1",
                    "count": 1,
                    "stars": 6,
                    "stats": {
                        "suc_danh": 20
                    }
                },
                {
                    "key": "gang_hoang_de",
                    "options": {
                        "suc_danh": 3000
                    },
                    "stars": 0
                },
                null,
                null,
                {
                    "key": "sword_1",
                    "count": 1,
                    "stars": 5,
                    "stats": {
                        "suc_danh": 12
                    }
                },
                null,
                {
                    "key": "gang_hoang_de",
                    "count": 1,
                    "stars": 3,
                    "stats": {
                        "suc_danh_percent": 57,
                        "max_hp_percent": 40,
                        "max_ki_percent": 40
                    }
                },
                null,
                null,
                {
                    "key": "rada_1",
                    "count": 1,
                    "stars": 2,
                    "stats": {
                        "chi_mang": 3
                    }
                }
            ],
            "chest": [
                null,
                null,
                null,
                null,
                null,
                null,
                null,
                null,
                null,
                null,
                null,
                null,
                null,
                null,
                null,
                null,
                null,
                null,
                null,
                null,
                null,
                null,
                null,
                null,
                null,
                null,
                null,
                null,
                null,
                null
            ],
            "vang": 8977170390151,
            "kim_cuong": 6783788752,
            "vnd": 778854747957475972,
            "is_vip": true,
            "world_x": 145,
            "map_id": "Map_2_Khu_Vuc_TD",
            "quest": {
                "id": 6,
                "progress": 0,
                "target": 0
            },
            "tiem_nang": 759487347037,
            "equipment": [
                {
                    "key": "armor_1",
                    "count": 1,
                    "stars": 0
                },
                {
                    "key": "pants_1",
                    "count": 1,
                    "stars": 0
                },
                {
                    "key": "shoes_1",
                    "count": 1,
                    "stars": 3,
                    "stats": {
                        "giap": 3,
                        "max_hp": 40
                    }
                },
                {
                    "key": "gang_hoang_de",
                    "count": 1,
                    "stars": 5,
                    "stats": {
                        "suc_danh_percent": 180,
                        "max_hp_percent": 60,
                        "max_ki_percent": 60
                    }
                },
                {
                    "key": "rada_1",
                    "count": 1,
                    "stars": 0
                }
            ],
            "boss_respawn_time": 1765981403.3216932,
            "skill_slots": [
                "td_galick_1",
                "kamejoko",
                "kamejoko",
                "kamejoko",
                "kamejoko"
            ],
            "active_skill_slot": 0,
            "detu_skill_slot": 0,
            "detu_skill_id": "xd_dragon_1",
            "fusion": {
                "active": false,
                "phase": "",
                "phase_tick": 23035135,
                "start_tick": 0,
                "end_tick": 0,
                "merged": false,
                "bonus": {},
                "race": "",
                "flash_alpha": 0,
                "flash_hold": 23035135,
                "total_ms": 300000,
                "start_unix": 0.0,
                "end_unix": 0.0,
                "paused_ms": 0
            },
            "fusion_need_refresh": false,
            "fusion_request": false,
            "_fusion_prev_down": true,
            "fusion_render_mode": "replace",
            "_close_bag_menu": false,
            "_fusion_attack_tick": 23125,
            "_fusion_is_moving": false,
            "_fusion_is_jumping": false,
            "_fusion_face_right": true,
            "hanh_tinh": "Trai Dat",
            "planet": "Trai Dat",
            "_detu_skill_roll_key": "1176|1323|22|190666|195559"
        }
    },
    "cx": {
        "vc ": {
            "ten": "vc ",
            "phai": "Xayda",
            "hp": 100,
            "max_hp": 100,
            "ki": 100,
            "max_ki": 100,
            "suc_danh": 10,
            "suc_manh": 2005,
            "giap": 0,
            "ne_tranh": 0,
            "nhanh_nhen": 0,
            "chi_mang": 0,
            "inventory": [
                {
                    "key": "sword_1",
                    "count": 1
                },
                {
                    "key": "sword_1",
                    "count": 1
                },
                {
                    "key": "sword_1",
                    "count": 1
                },
                {
                    "key": "sword_1",
                    "count": 1
                },
                {
                    "key": "sword_1",
                    "count": 1
                },
                null,
                null,
                null,
                null,
                null,
                null,
                null,
                null,
                null,
                null,
                null,
                null,
                null,
                null,
                null,
                null,
                null,
                null,
                null,
                null,
                null,
                null,
                null,
                null,
                null
            ],
            "chest": [
                null,
                null,
                null,
                null,
                null,
                null,
                null,
                null,
                null,
                null,
                null,
                null,
                null,
                null,
                null,
                null,
                null,
                null,
                null,
                null,
                null,
                null,
                null,
                null,
                null,
                null,
                null,
                null,
                null,
                null
            ],
            "vang": 10000,
            "kim_cuong": 10,
            "vnd": 100010000000,
            "is_vip": false,
            "map_id": "Map_2_Khu_Vuc_XD",
            "world_x": 50
        }
    },
    "cxs": {
        "gvbh": {
            "ten": "gvbh",
            "phai": "Trai Dat",
            "hp": 100,
            "max_hp": 100,
            "ki": 100,
            "max_ki": 100,
            "suc_danh": 10,
            "suc_manh": 2000,
            "giap": 0,
            "ne_tranh": 0,
            "nhanh_nhen": 0,
            "chi_mang": 0,
            "inventory": [
                {
                    "key": "sword_1",
                    "count": 1
                },
                {
                    "key": "sword_1",
                    "count": 1
                },
                {
                    "key": "sword_1",
                    "count": 1
                },
                {
                    "key": "sword_1",
                    "count": 1
                },
                {
                    "key": "sword_1",
                    "count": 1
                },
                null,
                null,
                null,
                null,
                null,
                null,
                null,
                null,
                null,
                null,
                null,
                null,
                null,
                null,
                null,
                null,
                null,
                null,
                null,
                null,
                null,
                null,
                null,
                null,
                null
            ],
            "chest": [
                null,
                null,
                null,
                null,
                null,
                null,
                null,
                null,
                null,
                null,
                null,
                null,
                null,
                null,
                null,
                null,
                null,
                null,
                null,
                null,
                null,
                null,
                null,
                null,
                null,
                null,
                null,
                null,
                null,
                null
            ],
            "vang": 10000,
            "kim_cuong": 10,
            "vnd": 0,
            "is_vip": false,
            "map_id": "Map_2_Khu_Vuc_TD",
            "world_x": 50
        }
    },
    "cxsv": {
        "rt": {
            "ten": "rt",
            "phai": "Namec",
            "hp": 100,
            "max_hp": 100,
            "ki": 100,
            "max_ki": 100,
            "suc_danh": 10,
            "suc_manh": 2000,
            "giap": 0,
            "ne_tranh": 0,
            "nhanh_nhen": 0,
            "chi_mang": 0,
            "inventory": [
                {
                    "key": "sword_1",
                    "count": 1
                },
                {
                    "key": "sword_1",
                    "count": 1
                },
                {
                    "key": "sword_1",
                    "count": 1
                },
                {
                    "key": "sword_1",
                    "count": 1
                },
                {
                    "key": "sword_1",
                    "count": 1
                },
                null,
                null,
                null,
                null,
                null,
                null,
                null,
                null,
                null,
                null,
                null,
                null,
                null,
                null,
                null,
                null,
                null,
                null,
                null,
                null,
                null,
                null,
                null,
                null,
                null
            ],
            "chest": [
                null,
                null,
                null,
                null,
                null,
                null,
                null,
                null,
                null,
                null,
                null,
                null,
                null,
                null,
                null,
                null,
                null,
                null,
                null,
                null,
                null,
                null,
                null,
                null,
                null,
                null,
                null,
                null,
                null,
                null
            ],
            "vang": 10000,
            "kim_cuong": 10,
            "vnd": 0,
            "is_vip": false,
            "map_id": "Map_1_Lang_Hanh_Tinh",
            "world_x": 500
        }
    },
    "cc": {
        "df": {
            "suc_manh": 3831,
            "tiem_nang": 2000,
            "hp": 1000,
            "max_hp": 1000,
            "ki": 1000,
            "max_ki": 1000,
            "suc_danh": 50,
            "giap": 0,
            "chi_mang": 1,
            "vang": 1985100,
            "kim_cuong": 500,
            "inventory": [
                {
                    "key": "sword_1",
                    "count": 1,
                    "stars": 0
                },
                {
                    "key": "sword_1",
                    "count": 1,
                    "stars": 0
                },
                {
                    "key": "sword_1",
                    "count": 1,
                    "stars": 0
                },
                null,
                null,
                null,
                null,
                null,
                null,
                null,
                null,
                null,
                null,
                null,
                null,
                null,
                null,
                null,
                null,
                null,
                null,
                null,
                null,
                null,
                null,
                null,
                null,
                null,
                null,
                null
            ],
            "chest": [
                null,
                null,
                null,
                null,
                null,
                null,
                null,
                null,
                null,
                null,
                null,
                null,
                null,
                null,
                null,
                null,
                null,
                null,
                null,
                null,
                null,
                null,
                null,
                null,
                null,
                null,
                null,
                null,
                null,
                null
            ],
            "phai": "Trai Dat",
            "map_id": "Map_1_Lang_Hanh_Tinh",
            "world_x": 480,
            "is_new": true,
            "vnd": 0,
            "is_vip": false,
            "quest": {
                "id": 1,
                "progress": 0,
                "target": 5
            }
        }
    },
    "ccrg": {
        ".": {
            "suc_manh": 2000,
            "tiem_nang": 2000,
            "hp": 100,
            "max_hp": 100,
            "ki": 100,
            "max_ki": 100,
            "suc_danh": 10,
            "giap": 0,
            "chi_mang": 1,
            "vang": 2000000,
            "kim_cuong": 500,
            "inventory": [
                null,
                null,
                null,
                null,
                null,
                null,
                null,
                null,
                null,
                null,
                null,
                null,
                null,
                null,
                null,
                null,
                null,
                null,
                null,
                null,
                null,
                null,
                null,
                null,
                null,
                null,
                null,
                null,
                null,
                null
            ],
            "chest": [
                null,
                null,
                null,
                null,
                null,
                null,
                null,
                null,
                null,
                null,
                null,
                null,
                null,
                null,
                null,
                null,
                null,
                null,
                null,
                null,
                null,
                null,
                null,
                null,
                null,
                null,
                null,
                null,
                null,
                null
            ],
            "phai": "Trai Dat",
            "map_id": "Map_1_Lang_Hanh_Tinh",
            "world_x": 450,
            "is_new": true,
            "vnd": 0,
            "is_vip": false
        }
    },
    "ccrgd": {
        "dg": {
            "suc_manh": 2623,
            "tiem_nang": 2000,
            "hp": 100,
            "max_hp": 100,
            "ki": 100,
            "max_ki": 100,
            "suc_danh": 10,
            "giap": 0,
            "chi_mang": 1,
            "vang": 105018,
            "kim_cuong": 21,
            "inventory": [
                null,
                null,
                null,
                null,
                null,
                null,
                null,
                null,
                null,
                null,
                null,
                null,
                null,
                null,
                null,
                null,
                null,
                null,
                null,
                null,
                null,
                null,
                null,
                null,
                null,
                null,
                null,
                null,
                null,
                {
                    "key": "sword_1",
                    "count": 1,
                    "stars": 0
                }
            ],
            "chest": [
                null,
                null,
                null,
                null,
                null,
                null,
                null,
                null,
                null,
                null,
                null,
                null,
                null,
                null,
                null,
                null,
                null,
                null,
                null,
                null,
                null,
                null,
                null,
                null,
                null,
                null,
                null,
                null,
                null,
                null
            ],
            "phai": "Xayda",
            "map_id": "Map_1_Lang_Hanh_Tinh",
            "world_x": 340,
            "is_new": true,
            "vnd": 0,
            "is_vip": false,
            "quest": {
                "id": 2,
                "progress": 5,
                "target": 5
            }
        }
    },
    "ccdd": {
        "fd": {
            "suc_manh": 2050,
            "tiem_nang": 2000,
            "hp": 100,
            "max_hp": 100,
            "ki": 100,
            "max_ki": 100,
            "suc_danh": 10,
            "giap": 0,
            "chi_mang": 1,
            "vang": 110000,
            "kim_cuong": 20,
            "inventory": [
                null,
                null,
                null,
                null,
                null,
                null,
                null,
                null,
                null,
                null,
                null,
                null,
                null,
                null,
                null,
                null,
                null,
                null,
                null,
                null,
                null,
                null,
                null,
                null,
                null,
                null,
                null,
                null,
                null,
                null
            ],
            "chest": [
                null,
                null,
                null,
                null,
                null,
                null,
                null,
                null,
                null,
                null,
                null,
                null,
                null,
                null,
                null,
                null,
                null,
                null,
                null,
                null,
                null,
                null,
                null,
                null,
                null,
                null,
                null,
                null,
                null,
                null
            ],
            "phai": "Xayda",
            "map_id": "Map_1_Lang_Hanh_Tinh",
            "world_x": 275,
            "is_new": true,
            "vnd": 0,
            "is_vip": false,
            "quest": {
                "id": 2,
                "progress": 5,
                "target": 5
            }
        }
    },
    "ccc": {
        "ed": {
            "suc_manh": 2000,
            "tiem_nang": 2000,
            "hp": 100,
            "max_hp": 100,
            "ki": 100,
            "max_ki": 100,
            "suc_danh": 10,
            "giap": 0,
            "chi_mang": 1,
            "vang": 10000,
            "kim_cuong": 20,
            "inventory": [
                null,
                null,
                null,
                null,
                null,
                null,
                null,
                null,
                null,
                null,
                null,
                null,
                null,
                null,
                null,
                null,
                null,
                null,
                null,
                null,
                null,
                null,
                null,
                null,
                null,
                null,
                null,
                null,
                null,
                null
            ],
            "chest": [
                null,
                null,
                null,
                null,
                null,
                null,
                null,
                null,
                null,
                null,
                null,
                null,
                null,
                null,
                null,
                null,
                null,
                null,
                null,
                null,
                null,
                null,
                null,
                null,
                null,
                null,
                null,
                null,
                null,
                null
            ],
            "phai": "Trai Dat",
            "map_id": "Map_1_Lang_Hanh_Tinh",
            "world_x": 575,
            "is_new": true,
            "vnd": 0,
            "is_vip": false,
            "quest": {
                "id": 0,
                "progress": 0,
                "target": 5
            },
            "equipment": [
                null,
                null,
                null,
                null,
                null
            ]
        }
    },
    "cccc": {
        "df": {
            "suc_manh": 2000,
            "tiem_nang": 2000,
            "hp": 100,
            "max_hp": 100,
            "ki": 100,
            "max_ki": 100,
            "suc_danh": 10,
            "giap": 0,
            "chi_mang": 1,
            "vang": 10000,
            "kim_cuong": 20,
            "inventory": [
                null,
                null,
                null,
                null,
                null,
                null,
                null,
                null,
                null,
                null,
                null,
                null,
                null,
                null,
                null,
                null,
                null,
                null,
                null,
                null,
                null,
                null,
                null,
                null,
                null,
                null,
                null,
                null,
                null,
                null
            ],
            "chest": [
                null,
                null,
                null,
                null,
                null,
                null,
                null,
                null,
                null,
                null,
                null,
                null,
                null,
                null,
                null,
                null,
                null,
                null,
                null,
                null,
                null,
                null,
                null,
                null,
                null,
                null,
                null,
                null,
                null,
                null
            ],
            "phai": "Namec",
            "map_id": "Map_1_Lang_Hanh_Tinh",
            "world_x": 200,
            "is_new": true,
            "vnd": 0,
            "is_vip": false,
            "quest": {
                "id": 0,
                "progress": 0,
                "target": 5
            },
            "equipment": [
                null,
                null,
                null,
                null,
                null
            ]
        }
    },
    "jfdhu": {
        "f": {
            "suc_manh": 2000,
            "tiem_nang": 2000,
            "hp": 100,
            "max_hp": 100,
            "ki": 100,
            "max_ki": 100,
            "suc_danh": 10,
            "giap": 0,
            "chi_mang": 1,
            "vang": 10000,
            "kim_cuong": 20,
            "inventory": [
                null,
                null,
                null,
                null,
                null,
                null,
                null,
                null,
                null,
                null,
                null,
                null,
                null,
                null,
                null,
                null,
                null,
                null,
                null,
                null,
                null,
                null,
                null,
                null,
                null,
                null,
                null,
                null,
                null,
                null
            ],
            "chest": [
                null,
                null,
                null,
                null,
                null,
                null,
                null,
                null,
                null,
                null,
                null,
                null,
                null,
                null,
                null,
                null,
                null,
                null,
                null,
                null,
                null,
                null,
                null,
                null,
                null,
                null,
                null,
                null,
                null,
                null
            ],
            "phai": "Trai Dat",
            "map_id": "Map_1_Lang_Hanh_Tinh",
            "world_x": 200,
            "is_new": true,
            "vnd": 0,
            "is_vip": false,
            "quest": {
                "id": 0,
                "progress": 0,
                "target": 5,
                "report_notice_shown": false
            },
            "equipment": [
                null,
                null,
                null,
                null,
                null
            ]
        }
    },
    "j": {
        "dff": {
            "suc_manh": 44458,
            "tiem_nang": 8694931346,
            "hp": 100100,
            "max_hp": 100100,
            "ki": 80100,
            "max_ki": 80100,
            "suc_danh": 2010,
            "giap": 0,
            "chi_mang": 1,
            "vang": 130671,
            "kim_cuong": 20,
            "inventory": [
                null,
                null,
                null,
                null,
                null,
                null,
                null,
                null,
                null,
                null,
                null,
                null,
                null,
                null,
                null,
                null,
                null,
                null,
                null,
                null,
                null,
                null,
                null,
                null,
                null,
                null,
                null,
                null,
                null,
                null
            ],
            "chest": [
                null,
                null,
                null,
                null,
                null,
                null,
                null,
                null,
                null,
                null,
                null,
                null,
                null,
                null,
                null,
                null,
                null,
                null,
                null,
                null,
                null,
                null,
                null,
                null,
                null,
                null,
                null,
                null,
                null,
                null
            ],
            "phai": "Namec",
            "map_id": "Map_1_Lang_Hanh_Tinh",
            "world_x": 305,
            "is_new": true,
            "vnd": 0,
            "is_vip": false,
            "quest": {
                "id": 6,
                "progress": 0,
                "target": 0
            },
            "equipment": [
                null,
                null,
                null,
                null,
                null
            ]
        }
    },
    "jj": {
        ";l": {
            "suc_manh": 18400,
            "tiem_nang": 76808178,
            "hp": 100,
            "max_hp": 100,
            "ki": 100,
            "max_ki": 100,
            "suc_danh": 7014,
            "giap": 0,
            "chi_mang": 1,
            "vang": 103290,
            "kim_cuong": 4,
            "inventory": [
                null,
                null,
                null,
                null,
                null,
                null,
                null,
                null,
                null,
                null,
                null,
                null,
                null,
                null,
                null,
                null,
                null,
                null,
                null,
                null,
                null,
                null,
                null,
                null,
                null,
                null,
                null,
                null,
                null,
                {
                    "key": "armor_1",
                    "count": 1,
                    "stars": 0
                }
            ],
            "chest": [
                null,
                null,
                null,
                null,
                null,
                null,
                null,
                null,
                null,
                null,
                null,
                null,
                null,
                null,
                null,
                null,
                null,
                null,
                null,
                null,
                null,
                null,
                null,
                null,
                null,
                null,
                null,
                null,
                null,
                null
            ],
            "phai": "Xayda",
            "map_id": "Map_1_Lang_Hanh_Tinh",
            "world_x": 585,
            "is_new": true,
            "vnd": 0,
            "is_vip": false,
            "quest": {
                "id": 5,
                "progress": 0,
                "target": 1,
                "report_notice_shown": false
            },
            "equipment": [
                null,
                null,
                null,
                null,
                null
            ]
        }
    },
    "a": {
        "sc": {
            "suc_manh": 2000,
            "tiem_nang": 2000,
            "hp": 100,
            "max_hp": 100,
            "ki": 100,
            "max_ki": 100,
            "suc_danh": 10,
            "giap": 0,
            "chi_mang": 1,
            "vang": 10000,
            "kim_cuong": 20,
            "inventory": [
                null,
                null,
                null,
                null,
                null,
                null,
                null,
                null,
                null,
                null,
                null,
                null,
                null,
                null,
                null,
                null,
                null,
                null,
                null,
                null,
                null,
                null,
                null,
                null,
                null,
                null,
                null,
                null,
                null,
                null
            ],
            "chest": [
                null,
                null,
                null,
                null,
                null,
                null,
                null,
                null,
                null,
                null,
                null,
                null,
                null,
                null,
                null,
                null,
                null,
                null,
                null,
                null,
                null,
                null,
                null,
                null,
                null,
                null,
                null,
                null,
                null,
                null
            ],
            "phai": "Namec",
            "map_id": "Map_2_Khu_Vuc_NM",
            "world_x": 155,
            "is_new": true,
            "vnd": 0,
            "is_vip": false,
            "quest": {
                "id": 0,
                "progress": 0,
                "target": 5
            },
            "equipment": [
                null,
                null,
                null,
                null,
                null
            ]
        }
    },
    "d": {
        "df": {
            "suc_manh": 5932662,
            "tiem_nang": 29808479,
            "hp": 220110,
            "max_hp": 200100,
            "ki": 121110,
            "max_ki": 110100,
            "suc_danh": 12000,
            "giap": 0,
            "chi_mang": 1,
            "vang": 2010436,
            "kim_cuong": 1,
            "inventory": [
                {
                    "key": "gang_hoang_de",
                    "options": {
                        "suc_danh": 3000
                    },
                    "stars": 0
                },
                null,
                null,
                null,
                null,
                null,
                null,
                null,
                null,
                null,
                null,
                null,
                null,
                null,
                null,
                null,
                null,
                null,
                null,
                null,
                null,
                null,
                null,
                null,
                null,
                null,
                null,
                null,
                null,
                null
            ],
            "chest": [
                null,
                null,
                null,
                null,
                null,
                null,
                null,
                null,
                null,
                null,
                null,
                null,
                null,
                null,
                null,
                null,
                null,
                null,
                null,
                null,
                null,
                null,
                null,
                null,
                null,
                null,
                null,
                null,
                null,
                null
            ],
            "phai": "Xayda",
            "map_id": "Map_2_Khu_Vuc_XD",
            "world_x": 405,
            "is_new": true,
            "vnd": 0,
            "is_vip": false,
            "quest": {
                "id": 1,
                "progress": 5,
                "target": 5
            },
            "equipment": [
                null,
                null,
                null,
                {
                    "key": "gang_hoang_de",
                    "options": {
                        "suc_danh": 3000
                    },
                    "stars": 0
                },
                null
            ],
            "skill_slots": [
                "xd_dragon_1",
                "atomic_gold",
                "atomic_gold",
                null,
                null
            ],
            "active_skill_slot": 0,
            "detu_skill_slot": 0,
            "fusion": {
                "active": false,
                "phase": "",
                "phase_tick": 0,
                "start_tick": 0,
                "end_tick": 0,
                "total_ms": 300000,
                "merged": false,
                "bonus": {},
                "race": "",
                "flash_alpha": 0,
                "flash_hold": 0
            },
            "fusion_need_refresh": false,
            "_fusion_prev_down": true,
            "hanh_tinh": "Xayda",
            "planet": "Xayda",
            "detu_skill_id": "xd_dragon_1"
        }
    },
    "ddd": {
        "h": {
            "suc_manh": 2000,
            "tiem_nang": 2000,
            "hp": 100,
            "max_hp": 100,
            "ki": 100,
            "max_ki": 100,
            "suc_danh": 10,
            "giap": 0,
            "chi_mang": 1,
            "vang": 10000,
            "kim_cuong": 20,
            "inventory": [
                null,
                null,
                null,
                null,
                null,
                null,
                null,
                null,
                null,
                null,
                null,
                null,
                null,
                null,
                null,
                null,
                null,
                null,
                null,
                null,
                null,
                null,
                null,
                null,
                null,
                null,
                null,
                null,
                null,
                null
            ],
            "chest": [
                null,
                null,
                null,
                null,
                null,
                null,
                null,
                null,
                null,
                null,
                null,
                null,
                null,
                null,
                null,
                null,
                null,
                null,
                null,
                null,
                null,
                null,
                null,
                null,
                null,
                null,
                null,
                null,
                null,
                null
            ],
            "phai": "Xayda",
            "map_id": "Map_1_Lang_Hanh_Tinh",
            "world_x": 235,
            "is_new": true,
            "vnd": 0,
            "is_vip": false,
            "quest": {
                "id": 0,
                "progress": 0,
                "target": 5
            },
            "equipment": [
                null,
                null,
                null,
                null,
                null
            ],
            "skill_slots": [
                null,
                null,
                null,
                null,
                null
            ],
            "active_skill_slot": 0,
            "detu_skill_slot": 0,
            "fusion": {
                "active": false,
                "phase": "",
                "phase_tick": 0,
                "start_tick": 0,
                "end_tick": 0,
                "total_ms": 300000,
                "merged": false,
                "bonus": {},
                "race": "",
                "flash_alpha": 0,
                "flash_hold": 0
            },
            "fusion_need_refresh": false,
            "detu_skill_id": "nm_demon_1",
            "hanh_tinh": "Xayda",
            "planet": "Xayda",
            "_fusion_prev_down": true
        }
    },
    "dd": {
        "xd": {
            "suc_manh": 2000,
            "tiem_nang": 2000,
            "hp": 100,
            "max_hp": 100,
            "ki": 100,
            "max_ki": 100,
            "suc_danh": 10,
            "giap": 0,
            "chi_mang": 1,
            "vang": 10000,
            "kim_cuong": 20,
            "inventory": [
                null,
                null,
                null,
                null,
                null,
                null,
                null,
                null,
                null,
                null,
                null,
                null,
                null,
                null,
                null,
                null,
                null,
                null,
                null,
                null,
                null,
                null,
                null,
                null,
                null,
                null,
                null,
                null,
                null,
                null
            ],
            "chest": [
                null,
                null,
                null,
                null,
                null,
                null,
                null,
                null,
                null,
                null,
                null,
                null,
                null,
                null,
                null,
                null,
                null,
                null,
                null,
                null,
                null,
                null,
                null,
                null,
                null,
                null,
                null,
                null,
                null,
                null
            ],
            "phai": "Namec",
            "map_id": "Map_1_Lang_Hanh_Tinh",
            "world_x": 315,
            "is_new": true,
            "vnd": 0,
            "is_vip": false,
            "quest": {
                "id": 0,
                "progress": 0,
                "target": 5
            },
            "equipment": [
                null,
                null,
                null,
                null,
                null
            ],
            "skill_slots": [
                null,
                null,
                null,
                null,
                null
            ],
            "active_skill_slot": 0,
            "detu_skill_slot": 0,
            "fusion": {
                "active": false,
                "phase": "",
                "phase_tick": 0,
                "start_tick": 0,
                "end_tick": 0,
                "total_ms": 300000,
                "merged": false,
                "bonus": {},
                "race": "",
                "flash_alpha": 0,
                "flash_hold": 0
            },
            "fusion_need_refresh": false,
            "detu_skill_id": "nm_demon_1",
            "hanh_tinh": "Namec",
            "planet": "Namec",
            "_fusion_prev_down": true
        }
    },
    "atm": {
        "fghfhg": {
            "suc_manh": 2000,
            "tiem_nang": 2000,
            "hp": 100,
            "max_hp": 100,
            "ki": 100,
            "max_ki": 100,
            "suc_danh": 10,
            "giap": 0,
            "chi_mang": 1,
            "vang": 10000,
            "kim_cuong": 20,
            "inventory": [
                null,
                null,
                null,
                null,
                null,
                null,
                null,
                null,
                null,
                null,
                null,
                null,
                null,
                null,
                null,
                null,
                null,
                null,
                null,
                null,
                null,
                null,
                null,
                null,
                null,
                null,
                null,
                null,
                null,
                null
            ],
            "chest": [
                null,
                null,
                null,
                null,
                null,
                null,
                null,
                null,
                null,
                null,
                null,
                null,
                null,
                null,
                null,
                null,
                null,
                null,
                null,
                null,
                null,
                null,
                null,
                null,
                null,
                null,
                null,
                null,
                null,
                null
            ],
            "phai": "Xayda",
            "map_id": "Map_1_Lang_Hanh_Tinh",
            "world_x": 760,
            "is_new": true,
            "vnd": 0,
            "is_vip": false,
            "quest": {
                "id": 0,
                "progress": 0,
                "target": 5
            },
            "equipment": [
                null,
                null,
                null,
                null,
                null
            ],
            "skill_slots": [
                null,
                null,
                null,
                null,
                null
            ],
            "active_skill_slot": 0,
            "detu_skill_slot": 0,
            "fusion": {
                "active": true,
                "phase": "active",
                "phase_tick": 97681,
                "start_tick": 113838,
                "end_tick": 397674,
                "total_ms": 300000,
                "merged": true,
                "bonus": {
                    "max_hp": 21077,
                    "max_ki": 1076,
                    "suc_danh": 750,
                    "giap": 0,
                    "ne_tranh": 0,
                    "nhanh_nhen": 0,
                    "chi_mang": 0,
                    "suc_manh": 27726164
                },
                "race": "Xayda",
                "flash_alpha": 0,
                "flash_hold": 113838,
                "start_unix": 1766418897.6332603,
                "end_unix": 1766419197.6332603
            },
            "fusion_need_refresh": false,
            "detu_skill_id": "td_galick_1",
            "_fusion_prev_down": true,
            "fusion_request": false,
            "_close_bag_menu": false,
            "fusion_render_mode": "replace",
            "_fusion_is_moving": false,
            "_fusion_is_jumping": false,
            "_fusion_face_right": true
        }
    },
    "ds": {
        "fghf": {
            "suc_manh": 2000,
            "tiem_nang": 2000,
            "hp": 100,
            "max_hp": 100,
            "ki": 100,
            "max_ki": 100,
            "suc_danh": 10,
            "giap": 0,
            "chi_mang": 1,
            "vang": 10000,
            "kim_cuong": 20,
            "inventory": [
                null,
                null,
                null,
                null,
                null,
                null,
                null,
                null,
                null,
                null,
                null,
                null,
                null,
                null,
                null,
                null,
                null,
                null,
                null,
                null,
                null,
                null,
                null,
                null,
                null,
                null,
                null,
                null,
                null,
                null
            ],
            "chest": [
                null,
                null,
                null,
                null,
                null,
                null,
                null,
                null,
                null,
                null,
                null,
                null,
                null,
                null,
                null,
                null,
                null,
                null,
                null,
                null,
                null,
                null,
                null,
                null,
                null,
                null,
                null,
                null,
                null,
                null
            ],
            "phai": "Namec",
            "map_id": "Map_1_Lang_Hanh_Tinh",
            "world_x": 200,
            "is_new": true,
            "vnd": 0,
            "is_vip": false,
            "quest": {
                "id": 0,
                "progress": 0,
                "target": 5
            },
            "equipment": [
                null,
                null,
                null,
                null,
                null
            ],
            "skill_slots": [
                null,
                null,
                null,
                null,
                null
            ],
            "active_skill_slot": 0,
            "detu_skill_slot": 0,
            "fusion": {
                "active": false,
                "phase": "",
                "phase_tick": 0,
                "start_tick": 0,
                "end_tick": 0,
                "total_ms": 300000,
                "merged": false,
                "bonus": {},
                "race": "",
                "flash_alpha": 0,
                "flash_hold": 0
            },
            "fusion_need_refresh": false,
            "detu_skill_id": "td_galick_1",
            "_fusion_prev_down": true
        }
    },
    "ddddd": {
        "ds": {
            "suc_manh": 2000,
            "tiem_nang": 2000,
            "hp": 100,
            "max_hp": 100,
            "ki": 100,
            "max_ki": 100,
            "suc_danh": 10,
            "giap": 0,
            "chi_mang": 1,
            "vang": 10000,
            "kim_cuong": 20,
            "inventory": [
                null,
                null,
                null,
                null,
                null,
                null,
                null,
                null,
                null,
                null,
                null,
                null,
                null,
                null,
                null,
                null,
                null,
                null,
                null,
                null,
                null,
                null,
                null,
                null,
                null,
                null,
                null,
                null,
                null,
                null
            ],
            "chest": [
                null,
                null,
                null,
                null,
                null,
                null,
                null,
                null,
                null,
                null,
                null,
                null,
                null,
                null,
                null,
                null,
                null,
                null,
                null,
                null,
                null,
                null,
                null,
                null,
                null,
                null,
                null,
                null,
                null,
                null
            ],
            "phai": "Trai Dat",
            "map_id": "Map_1_Lang_Hanh_Tinh",
            "world_x": 200,
            "is_new": true,
            "hanh_tinh": "Trai Dat",
            "planet": "Trai Dat",
            "vnd": 0,
            "is_vip": false,
            "quest": {
                "id": 0,
                "progress": 0,
                "target": 5
            },
            "equipment": [
                null,
                null,
                null,
                null,
                null
            ],
            "skill_slots": [
                null,
                null,
                null,
                null,
                null
            ],
            "active_skill_slot": 0,
            "detu_skill_slot": 0,
            "fusion": {
                "active": false,
                "phase": "",
                "phase_tick": 0,
                "start_tick": 0,
                "end_tick": 0,
                "total_ms": 300000,
                "merged": false,
                "bonus": {},
                "race": "",
                "flash_alpha": 0,
                "flash_hold": 0
            },
            "fusion_need_refresh": false,
            "detu_skill_id": "xd_dragon_1",
            "_fusion_prev_down": true
        }
    },
    "dsd": {
        "kl;'ugj": {
            "suc_manh": 6346407,
            "tiem_nang": 78478960480240196,
            "hp": 220000,
            "max_hp": 220000,
            "ki": 220000,
            "max_ki": 220000,
            "suc_danh": 12000,
            "giap": 0,
            "chi_mang": 1,
            "vang": 4010715,
            "kim_cuong": 0,
            "inventory": [
                null,
                null,
                null,
                null,
                null,
                null,
                null,
                null,
                null,
                null,
                null,
                null,
                null,
                null,
                null,
                null,
                null,
                null,
                null,
                null,
                null,
                null,
                null,
                null,
                null,
                null,
                null,
                null,
                null,
                null
            ],
            "chest": [
                null,
                null,
                null,
                null,
                null,
                null,
                null,
                null,
                null,
                null,
                null,
                null,
                null,
                null,
                null,
                null,
                null,
                null,
                null,
                null,
                null,
                null,
                null,
                null,
                null,
                null,
                null,
                null,
                null,
                null
            ],
            "phai": "Xayda",
            "map_id": "Map_1_Lang_Hanh_Tinh",
            "world_x": 1060,
            "is_new": true,
            "hanh_tinh": "Xayda",
            "planet": "Xayda",
            "vnd": 0,
            "is_vip": false,
            "quest": {
                "id": 0,
                "progress": 0,
                "target": 5
            },
            "equipment": [
                null,
                null,
                null,
                null,
                null
            ],
            "skill_slots": [
                "xd_dragon_1",
                "atomic_gold",
                null,
                null,
                null
            ],
            "active_skill_slot": 1,
            "detu_skill_slot": 0,
            "fusion": {
                "active": false,
                "phase": "",
                "phase_tick": 2465,
                "start_tick": 0,
                "end_tick": 0,
                "total_ms": 300000,
                "merged": false,
                "bonus": {},
                "race": "",
                "flash_alpha": 0,
                "flash_hold": 2465,
                "start_unix": 0.0,
                "end_unix": 0.0,
                "paused_ms": 0
            },
            "fusion_need_refresh": false,
            "_fusion_prev_down": true,
            "detu_skill_id": "xd_dragon_1",
            "_detu_skill_roll_key": "1053|1092|20|5070|13362",
            "fusion_request": false,
            "_close_bag_menu": false,
            "fusion_render_mode": "replace",
            "_fusion_is_moving": false,
            "_fusion_is_jumping": false,
            "_fusion_face_right": true
        }
    },
    "fff": {
        "ggd": {
            "suc_manh": 2794430,
            "tiem_nang": 78567317282219,
            "hp": 220000,
            "max_hp": 220000,
            "ki": 100,
            "max_ki": 100,
            "suc_danh": 12000,
            "giap": 0,
            "chi_mang": 1,
            "vang": 2010000,
            "kim_cuong": 12,
            "inventory": [
                null,
                null,
                null,
                null,
                null,
                null,
                null,
                null,
                null,
                null,
                null,
                null,
                null,
                null,
                null,
                null,
                null,
                null,
                null,
                null,
                null,
                null,
                null,
                null,
                null,
                null,
                null,
                null,
                null,
                null
            ],
            "chest": [
                null,
                null,
                null,
                null,
                null,
                null,
                null,
                null,
                null,
                null,
                null,
                null,
                null,
                null,
                null,
                null,
                null,
                null,
                null,
                null,
                null,
                null,
                null,
                null,
                null,
                null,
                null,
                null,
                null,
                null
            ],
            "phai": "Trai Dat",
            "map_id": "Map_2_Khu_Vuc_TD",
            "world_x": 435,
            "is_new": true,
            "hanh_tinh": "Trai Dat",
            "planet": "Trai Dat",
            "vnd": 0,
            "is_vip": false,
            "quest": {
                "id": 0,
                "progress": 0,
                "target": 5
            },
            "equipment": [
                null,
                null,
                null,
                null,
                null
            ],
            "skill_slots": [
                "td_galick_1",
                "kamejoko",
                null,
                null,
                null
            ],
            "active_skill_slot": 0,
            "detu_skill_slot": 0,
            "fusion": {
                "active": false,
                "phase": "",
                "phase_tick": 0,
                "start_tick": 0,
                "end_tick": 0,
                "total_ms": 300000,
                "merged": false,
                "bonus": {},
                "race": "",
                "flash_alpha": 0,
                "flash_hold": 0
            },
            "fusion_need_refresh": false,
            "_fusion_prev_down": true,
            "detu_skill_id": "nm_demon_1",
            "_detu_skill_roll_key": "1335|1024|15|4272|13675"
        }
    },
    "ffff": {
        "dfgf": {
            "suc_manh": 5926344,
            "tiem_nang": 89540772514033,
            "hp": 231110,
            "max_hp": 210100,
            "ki": 110,
            "max_ki": 100,
            "suc_danh": 12000,
            "giap": 0,
            "chi_mang": 1,
            "vang": 4010650,
            "kim_cuong": 0,
            "inventory": [
                null,
                null,
                null,
                null,
                null,
                null,
                null,
                null,
                null,
                null,
                null,
                null,
                null,
                null,
                null,
                null,
                null,
                null,
                null,
                null,
                null,
                null,
                null,
                null,
                null,
                null,
                null,
                null,
                null,
                null
            ],
            "chest": [
                null,
                null,
                null,
                null,
                null,
                null,
                null,
                null,
                null,
                null,
                null,
                null,
                null,
                null,
                null,
                null,
                null,
                null,
                null,
                null,
                null,
                null,
                null,
                null,
                null,
                null,
                null,
                null,
                null,
                null
            ],
            "phai": "Namec",
            "map_id": "Map_1_Lang_Hanh_Tinh",
            "world_x": 1480,
            "is_new": true,
            "hanh_tinh": "Namec",
            "planet": "Namec",
            "vnd": 0,
            "is_vip": false,
            "quest": {
                "id": 0,
                "progress": 0,
                "target": 5
            },
            "equipment": [
                null,
                null,
                null,
                {
                    "key": "gang_hoang_de",
                    "options": {
                        "suc_danh": 3000
                    },
                    "stars": 0
                },
                null
            ],
            "skill_slots": [
                "masenko",
                "nm_demon_1",
                null,
                null,
                null
            ],
            "active_skill_slot": 1,
            "detu_skill_slot": 0,
            "fusion": {
                "active": false,
                "phase": "",
                "phase_tick": 304945,
                "start_tick": 0,
                "end_tick": 0,
                "total_ms": 300000,
                "merged": false,
                "bonus": {},
                "race": "",
                "flash_alpha": 0,
                "flash_hold": 304945,
                "start_unix": 0.0,
                "end_unix": 0.0,
                "paused_ms": 0
            },
            "fusion_need_refresh": false,
            "_fusion_prev_down": true,
            "detu_skill_id": "nm_demon_1",
            "_detu_skill_roll_key": "1346|1412|24|10735|8302",
            "fusion_request": false,
            "_close_bag_menu": false,
            "fusion_render_mode": "replace",
            "_fusion_is_moving": false,
            "_fusion_is_jumping": false,
            "_fusion_face_right": false,
            "ssj_active": false,
            "ssj_charge": 0.0,
            "ssj_level": 0,
            "ssj_burst": 0.0
        }
    },
    "f": {
        "gfgh": {
            "suc_manh": 2000,
            "tiem_nang": 2000,
            "hp": 100,
            "max_hp": 100,
            "ki": 100,
            "max_ki": 100,
            "suc_danh": 10,
            "giap": 0,
            "chi_mang": 1,
            "vang": 10000,
            "kim_cuong": 20,
            "inventory": [
                null,
                null,
                null,
                null,
                null,
                null,
                null,
                null,
                null,
                null,
                null,
                null,
                null,
                null,
                null,
                null,
                null,
                null,
                null,
                null,
                null,
                null,
                null,
                null,
                null,
                null,
                null,
                null,
                null,
                null
            ],
            "chest": [
                null,
                null,
                null,
                null,
                null,
                null,
                null,
                null,
                null,
                null,
                null,
                null,
                null,
                null,
                null,
                null,
                null,
                null,
                null,
                null,
                null,
                null,
                null,
                null,
                null,
                null,
                null,
                null,
                null,
                null
            ],
            "phai": "Namec",
            "map_id": "Map_1_Lang_Hanh_Tinh",
            "world_x": 200,
            "is_new": true,
            "hanh_tinh": "Namec",
            "planet": "Namec",
            "vnd": 0,
            "is_vip": false,
            "quest": {
                "id": 0,
                "progress": 0,
                "target": 5
            },
            "equipment": [
                null,
                null,
                null,
                null,
                null
            ],
            "skill_slots": [
                null,
                null,
                null,
                null,
                null
            ],
            "active_skill_slot": 0,
            "detu_skill_slot": 0,
            "fusion": {
                "active": false,
                "phase": "",
                "phase_tick": 0,
                "start_tick": 0,
                "end_tick": 0,
                "total_ms": 300000,
                "merged": false,
                "bonus": {},
                "race": "",
                "flash_alpha": 0,
                "flash_hold": 0
            },
            "fusion_need_refresh": false
        }
    },
    "fldfjkhnfgo": {
        "jh": {
            "suc_manh": 2139,
            "tiem_nang": 2139,
            "hp": 130,
            "max_hp": 100,
            "ki": 130,
            "max_ki": 100,
            "suc_danh": 10,
            "giap": 0,
            "chi_mang": 1,
            "vang": 10000,
            "kim_cuong": 20,
            "inventory": [
                null,
                null,
                null,
                null,
                null,
                null,
                null,
                null,
                null,
                null,
                null,
                null,
                null,
                null,
                null,
                null,
                null,
                null,
                null,
                null,
                null,
                null,
                null,
                null,
                null,
                null,
                null,
                null,
                null,
                null
            ],
            "chest": [
                null,
                null,
                null,
                null,
                null,
                null,
                null,
                null,
                null,
                null,
                null,
                null,
                null,
                null,
                null,
                null,
                null,
                null,
                null,
                null,
                null,
                null,
                null,
                null,
                null,
                null,
                null,
                null,
                null,
                null
            ],
            "phai": "Xayda",
            "map_id": "Map_1_Lang_Hanh_Tinh",
            "world_x": 1425,
            "is_new": true,
            "hanh_tinh": "Xayda",
            "planet": "Xayda",
            "vnd": 0,
            "is_vip": false,
            "quest": {
                "id": 0,
                "progress": 0,
                "target": 5
            },
            "equipment": [
                null,
                null,
                null,
                null,
                null
            ],
            "skill_slots": [
                "xd_dragon_1",
                "atomic_gold",
                "xd_dragon_1",
                "xd_dragon_1",
                "xd_dragon_1"
            ],
            "active_skill_slot": 1,
            "ssj_active": true,
            "ssj_charge": 0.0,
            "ssj_level": 0,
            "ssj_burst": 0.0,
            "detu_skill_slot": 0,
            "fusion": {
                "active": false,
                "phase": "",
                "phase_tick": 0,
                "start_tick": 0,
                "end_tick": 0,
                "total_ms": 300000,
                "merged": false,
                "bonus": {},
                "race": "",
                "flash_alpha": 0,
                "flash_hold": 0
            },
            "fusion_need_refresh": false,
            "ssj_off_hold": 0.0,
            "ssj_hold_off": 0.0,
            "_fusion_prev_down": true
        }
    }
}